name,email,address
"Sarah Jahnson","sarah1.johnson@emai2.com","456 Oak Ave, Los Angeles, CA 90210"
"Michael Brawn","michael1.brown@emai2.com","789 Pine Rd, Chicago, IL 60601"
"Emily Devis","emily1.davis@emai2.com","321 Elm St, Houston, TX 77001"
"David Welson","david1.wilson@emai2.com","654 Maple Dr, Phoenix, AZ 85001"
"Lisa Andarson","lisa1.anderson@emai2.com","987 Cedar Ln, Philadelphia, PA 19101"
"Robert Teylor","robert1.taylor@emai2.com","147 Birch St, San Antonio, TX 78201"
"Jennifer Mertinez","jennifer1.martinez@emai2.com","258 Spruce Ave, San Diego, CA 92101"
"William Gercia","william1.garcia@email2.com","369 Willow Rd, Dallas, TX 75201"
"Amanda Radriguez","amanda1.rodriguez@email2.com","741 Poplar Dr, San Jose, CA 95101" 